<templates>
    <t t-name="ImportPadView">
        <t t-set="_id" t-value="_.uniqueId('export')"/>
        <form action="" method="post" enctype="multipart/form-data" class="oe_import">
            <input type="hidden" name="csrf_token" t-att-value="csrf_token"/>
            <input type="hidden" name="session_id"
               t-att-value="widget.session.session_id"/>
            <input type="hidden" name="menu_id"/>
            <div class="oe_import_box col-sm-9">
                <div class="col-sm-12">
                    <p>Select a Pad file to import. </p>
                </div>
                <div class="col-sm-10">
                    <div class="input-group">
                      <input type="text" class="oe_import_file_show form-control" placeholder="No file chosen..."/>
                      <span class="input-group-btn">
                        <label class="btn btn-primary" for="my-file-selector">
                        <input accept=".pad" id-attf-id="file_#{_id}"
                       name="file" id="my-file-selector" class="oe_import_file" type="file" style="display:none;"/>
                        Load File
                        </label>
                      </span>
                    </div>
                </div>
            </div>
            <div class="oe_import_with_file oe_padding col-sm-12">
                <div class="oe_import_error_report"></div>
            </div>
        </form>
    </t>

    <t t-name="ImportPadView.buttons">
        <button type="button" class="btn btn-sm btn-primary o_import_button o_import_import"
                disabled="disabled">Import</button>
        <button type="button" class="btn btn-sm btn-default o_import_cancel">Cancel</button>
    </t>

    <ul t-name="ImportPadView.error">
        <li class="oe_import_report oe_import_report_error">
            <span class="oe_import_report_message">
            	<t t-esc="message"/>
        	</span>
        </li>
    </ul>
    <t t-name="ImportPadView.error.each">
        <span class="oe_import_report_message">
            <t t-esc="error.message"/>
        </span>
        <t t-if="error.rows"  t-esc="at(error.rows)"/>
        <t t-if="error.moreinfo" t-raw="info(error.moreinfo)"/>
    </t>
    <t t-name="ImportPadView.import_button">
        <button t-if='widget and widget.importPadEnabled' type="button" class="btn btn-sm btn-default o_button_import_pad">
            Import Pad File
        </button>
    </t>
    <t t-extend="ListView.buttons">
        <t t-jquery="button.o_list_button_add" t-operation="after">
           <t t-call="ImportPadView.import_button"/>
        </t>
    </t>
    <t t-extend="KanbanView.buttons">
        <t t-jquery="button.o-kanban-button-new" t-operation="after">
            <t t-call="ImportPadView.import_button"/>
        </t>
    </t>
</templates>
