<?xml version="1.0" encoding="utf-8"?>
<odoo>
	<record model="ir.module.category" id="module_category_favite_tools">
            <field name="name">Favite</field>
            <field name="description">Helps you manage your projects and tasks by tracking them, generating plannings, etc...</field>
            <field name="sequence">3</field>
    </record>

    <record model="ir.model.fields">
            <field name="model_id" ref="base.model_ir_model_fields" />
            
            <field name="name">scope</field>
            <field name="help">it is a help</field>
            <field name="ttype">char</field>
    </record>
    <record model="ir.model.fields">
            <field name="model_id" ref="base.model_ir_model_fields" />
            
            <field name="name">sequence</field>
            <field name="help">it is a help</field>
            <field name="ttype">integer</field>
    </record>

  
</odoo>